{
  "DataCom": [
    "testapi277@gmail.com:Parkhi:Garg:DataCom",
    "ashishmodi@devtown.in:Ashish:Modi:DataCom",
    "gaurav@devtown.in:Gaurav:Kumar:DataCom"
  ],
  "AWS": [
    "testapi277@gmail.com:Parkhi:Garg:AWS",
    "ashishmodi@devtown.in:Ashish:Modi:AWS",
    "gaurav@devtown.in:Gaurav:Kumar:AWS"
  ],
  "Deloitte": [
    "testapi277@gmail.com:Parkhi:Garg:Deloitte",
    "ashishmodi@devtown.in:Ashish:Modi:Deloitte",
    "gaurav@devtown.in:Gaurav:Kumar:Deloitte"
  ],
  "JPMC": [
    "testapi277@gmail.com:Parkhi:Garg:JPMC",
    "ashishmodi@devtown.in:Ashish:Modi:JPMC",
    "gaurav@devtown.in:Gaurav:Kumar:JPMC"
  ],
  "Skyscanner_Software": [
    "testapi277@gmail.com:Parkhi:Garg:Skyscanner_Software",
    "ashishmodi@devtown.in:Ashish:Modi:Skyscanner_Software",
    "gaurav@devtown.in:Gaurav:Kumar:Skyscanner_Software"
  ],
  "Skyscanner_Frontend": [
    "testapi277@gmail.com:Parkhi:Garg:Skyscanner_Frontend",
    "ashishmodi@devtown.in:Ashish:Modi:Skyscanner_Frontend",
    "gaurav@devtown.in:Gaurav:Kumar:Skyscanner_Frontend"
  ],
  "Walmart_USA": [
    "testapi277@gmail.com:Parkhi:Garg:Walmart_USA",
    "ashishmodi@devtown.in:Ashish:Modi:Walmart_USA",
    "gaurav@devtown.in:Gaurav:Kumar:Walmart_USA"
  ],
  "SAP": [
    "testapi277@gmail.com:Parkhi:Garg:SAP",
    "ashishmodi@devtown.in:Ashish:Modi:SAP",
    "gaurav@devtown.in:Gaurav:Kumar:SAP"
  ],
  "Cognizant": [
    "testapi277@gmail.com:Parkhi:Garg:Cognizant",
    "ashishmodi@devtown.in:Ashish:Modi:Cognizant",
    "gaurav@devtown.in:Gaurav:Kumar:Congnizant"
  ],
  "Goldman": [
    "testapi277@gmail.com:Parkhi:Garg:Goldman",
    "ashishmodi@devtown.in:Ashish:Modi:Goldman",
    "gaurav@devtown.in:Gaurav:Kumar:Goldman"
  ],
  "ANZ": [
    "testapi277@gmail.com:Parkhi:Garg:ANZ",
    "ashishmodi@devtown.in:Ashish:Modi:ANZ",
    "gaurav@devtown.in:Gaurav:Kumar:ANZ"
  ],
  "Cognizant_USA": [
    "testapi277@gmail.com:Parkhi:Garg:Cognizant_USA",
    "ashishmodi@devtown.in:Ashish:Modi:Cognizant_USA",
    "gaurav@devtown.in:Gaurav:Kumar:Cognizant_USA"
  ],
  "AIG": [
    "testapi277@gmail.com:Parkhi:Garg:AIG",
    "ashishmodi@devtown.in:Ashish:Modi:AIG",
    "gaurav@devtown.in:Gaurav:Kumar:AIG"
  ],
  "JPmorgan_SoftwareLite": [
    "testapi277@gmail.com:Parkhi:Garg:JPmorgan_SoftwareLite",
    "ashishmodi@devtown.in:Ashish:Modi:JPmorgan_SoftwareLite",
    "gaurav@devtown.in:Gaurav:Kumar:JPmorgan_SoftwareLite"
  ],
  "MasterCard": [
    "testapi277@gmail.com:Parkhi:Garg:MasterCard",
    "ashishmodi@devtown.in:Ashish:Modi:MasterCard",
    "gaurav@devtown.in:Gaurav:Kumar:MasterCard"
  ],
  "TATA": [
    "testapi277@gmail.com:Parkhi:Garg:TATA",
    "ashishmodi@devtown.in:Ashish:Modi:TATA",
    "gaurav@devtown.in:Gaurav:Kumar:TATA"
  ],
  "British_Airways": [
    "testapi277@gmail.com:Parkhi:Garg:British_Airways",
    "ashishmodi@devtown.in:Ashish:Modi:British_Airways",
    "gaurav@devtown.in:Gaurav:Kumar:British_Airways"
  ],
  "Quantium_DataScience": [
    "testapi277@gmail.com:Parkhi:Garg:Quantium_DataScience",
    "ashishmodi@devtown.in:Ashish:Modi:Quantium_DataScience",
    "gaurav@devtown.in:Gaurav:Kumar:Quantium_DataScience"
  ],
  "BP": [
    "testapi277@gmail.com:Parkhi:Garg:BP",
    "ashishmodi@devtown.in:Ashish:Modi:BP",
    "gaurav@devtown.in:Gaurav:Kumar:BP"
  ],
  "Quantium_Software": [
    "testapi277@gmail.com:Parkhi:Garg:Quantium_Software",
    "ashishmodi@devtown.in:Ashish:Modi:Quantium_Software",
    "gaurav@devtown.in:Gaurav:Kumar:Quantium_Software"
  ],
  "Common_Wealth": [
    "testapi277@gmail.com:Parkhi:Garg:Common_Wealth",
    "ashishmodi@devtown.in:Ashish:Modi:Common_Wealth",
    "gaurav@devtown.in:Gaurav:Kumar:Common_Wealth"
  ],
  "Electronic_Arts": [
    "testapi277@gmail.com:Parkhi:Garg:Electronic_Arts",
    "ashishmodi@devtown.in:Ashish:Modi:Electronic_Arts",
    "gaurav@devtown.in:Gaurav:Kumar:Electronic_Arts"
  ],
  "StandardBank_Dev": [
    "testapi277@gmail.com:Parkhi:Garg:StandardBank_Dev",
    "ashishmodi@devtown.in:Ashish:Modi:StandardBank_Dev",
    "gaurav@devtown.in:Gaurav:Kumar:StandardBank_Dev"
  ],
  "StandardBank_Engg": [
    "testapi277@gmail.com:Parkhi:Garg:StandardBank_Engg",
    "ashishmodi@devtown.in:Ashish:Modi:StandardBank_Engg",
    "gaurav@devtown.in:Gaurav:Kumar:StandardBank_Engg"
  ],
  "Lyft": [
    "testapi277@gmail.com:Parkhi:Garg:Lyft",
    "ashishmodi@devtown.in:Ashish:Modi:Lyft",
    "gaurav@devtown.in:Gaurav:Kumar:Lyft"
  ],
  "Pwc_PowerBI": [
    "testapi277@gmail.com:Parkhi:Garg:Pwc_PowerBI",
    "ashishmodi@devtown.in:Ashish:Modi:Pwc_PowerBI",
    "gaurav@devtown.in:Gaurav:Kumar:Pwc_PowerBI"
  ],
  "Pwc_Cybersecurity": [
    "testapi277@gmail.com:Parkhi:Garg:Pwc_Cybersecurity",
    "ashishmodi@devtown.in:Ashish:Modi:Pwc_Cybersecurity",
    "gaurav@devtown.in:Gaurav:Kumar:Pwc_Cybersecurity"
  ],
  "EWB": [
    "testapi277@gmail.com:Parkhi:Garg:EWB",
    "ashishmodi@devtown.in:Ashish:Modi:EWB",
    "gaurav@devtown.in:Gaurav:Kumar:EWB"
  ],
  "GE": [
    "testapi277@gmail.com:Parkhi:Garg:GE",
    "ashishmodi@devtown.in:Ashish:Modi:GE",
    "gaurav@devtown.in:Gaurav:Kumar:GE"
  ],
  "MBRC": [
    "testapi277@gmail.com:Parkhi:Garg:MBRC",
    "ashishmodi@devtown.in:Ashish:Modi:MBRC",
    "gaurav@devtown.in:Gaurav:Kumar:MBRC"
  ],
  "Telstra_Cybersecurity": [
    "testapi277@gmail.com:Parkhi:Garg:Telstra_Cybersecurity",
    "ashishmodi@devtown.in:Ashish:Modi:Telstra_Cybersecurity",
    "gaurav@devtown.in:Gaurav:Kumar:Telstra_Cybersecurity"
  ],
  "JPmorgan_CyberSecurity": [
    "testapi277@gmail.com:Parkhi:Garg:JPmorgan_CyberSecurity",
    "ashishmodi@devtown.in:Ashish:Modi:JPmorgan_CyberSecurity",
    "gaurav@devtown.in:Gaurav:Kumar:JPmorgan_CyberSecurity"
  ],
  "Telstra_Software": [
    "testapi277@gmail.com:Parkhi:Garg:Telstra_Software",
    "ashishmodi@devtown.in:Ashish:Modi:Telstra_Software",
    "gaurav@devtown.in:Gaurav:Kumar:Telstra_Software"
  ],
  "HPE": [
    "testapi277@gmail.com:Parkhi:Garg:HPE",
    "ashishmodi@devtown.in:Ashish:Modi:HPE",
    "gaurav@devtown.in:Gaurav:Kumar:HPE"
  ],
  "Spectris": [
    "testapi277@gmail.com:Parkhi:Garg:Spectris",
    "ashishmodi@devtown.in:Ashish:Modi:Spectris",
    "gaurav@devtown.in:Gaurav:Kumar:Spectris"
  ],
  "BCG_DESIGN": [
    "testapi277@gmail.com:Parkhi:Garg:BCG_DESIGN",
    "ashishmodi@devtown.in:Ashish:Modi:BCG_DESIGN",
    "gaurav@devtown.in:Gaurav:Kumar:BCG_DESIGN"
  ],
  "BCG": [
    "testapi277@gmail.com:Parkhi:Garg:BCG",
    "ashishmodi@devtown.in:Ashish:Modi:BCG",
    "gaurav@devtown.in:Gaurav:Kumar:BCG"
  ],
  "Accenture": [
    "testapi277@gmail.com:Parkhi:Garg:Accenture",
    "ashishmodi@devtown.in:Ashish:Modi:Accenture",
    "gaurav@devtown.in:Gaurav:Kumar:Accenture"
  ],
  "Accenture_Data": [
    "testapi277@gmail.com:Parkhi:Garg:Accenture_Data",
    "ashishmodi@devtown.in:Ashish:Modi:Accenture_Data",
    "gaurav@devtown.in:Gaurav:Kumar:Accenture_Data"
  ]
}
